z_m,u_m_per_s,T_K,Y_H2,Y_H,Y_O,Y_O2,Y_OH,Y_H2O,Y_HO2,Y_H2O2,Y_C,Y_CH,Y_CH2,Y_CH2(S),Y_CH3,Y_CH4,Y_CO,Y_CO2,Y_HCO,Y_CH2O,Y_CH2OH,Y_CH3O,Y_CH3OH,Y_C2H,Y_C2H2,Y_C2H3,Y_C2H4,Y_C2H5,Y_C2H6,Y_HCCO,Y_CH2CO,Y_HCCOH,Y_N,Y_NH,Y_NH2,Y_NH3,Y_NNH,Y_NO,Y_NO2,Y_N2O,Y_HNO,Y_CN,Y_HCN,Y_H2CN,Y_HCNN,Y_HCNO,Y_HOCN,Y_HNCO,Y_NCO,Y_N2,Y_AR,Y_C3H7,Y_C3H8,Y_CH2CHO,Y_CH3CHO
0.0,0.4178293591499508,300.0,2.7371218439313384e-08,-5.576233258142775e-25,6.21961574319959e-16,0.220141231697164,1.152282297192465e-18,1.1349259365747283e-09,1.7572057745669695e-12,2.29691736398107e-12,-1.3018208764494763e-23,-2.7944627841035127e-27,1.7429338844587534e-27,-1.059149508294543e-29,2.952465367167529e-14,0.05518666286671396,2.0601344548350812e-10,2.4008871719474776e-11,3.221705555289261e-26,2.9359421083414077e-12,2.0505278715482843e-28,1.6141421423519742e-18,5.231116713115536e-13,3.660625934593498e-24,6.694218790039264e-14,-1.859565506698978e-29,5.583985830448524e-13,2.7844779046714034e-23,1.0248501243341674e-12,3.903258005182684e-27,2.414576356457572e-14,1.3123245085956783e-17,5.591698206316176e-22,-5.222170073379773e-25,8.02066826518608e-16,3.5601442276634067e-16,9.348478005219286e-23,5.638409297854612e-15,2.0307150706478886e-14,4.070875970299242e-17,3.2375137866393605e-17,-2.2225014143925504e-32,1.3384458232796189e-15,1.5641132598853222e-18,-2.0155695450795052e-35,4.1557754593322317e-17,5.901553081038667e-19,4.1917781712868824e-16,9.37211289636565e-19,0.7246720766906831,-1.7392268381676536e-39,1.9664048570212667e-19,3.4362534038815423e-15,1.0330806987555438e-24,1.2615931682572596e-14
0.0050622076315143885,0.41783514983354936,300.0013275684354,7.694754702877804e-07,1.141468803532259e-23,4.0949784721468985e-14,0.22014102479243336,7.729807665617406e-17,1.0700838035271686e-07,1.7992110190628976e-10,2.367644690028058e-10,-7.324977280611912e-30,-3.2088793505041914e-34,1.336462079121138e-25,6.047814753232501e-28,2.795637632275262e-12,0.055186542655768965,2.1143254879933657e-08,3.22730010031653e-09,4.346749000631554e-24,3.9936063400558626e-10,2.8094635664311243e-26,2.2115619978762037e-16,7.244047535166562e-11,2.6197695647433983e-30,8.520294948791627e-12,5.190580177014619e-29,7.378081527286043e-11,3.9617030560195494e-21,1.470055193703426e-10,3.2908022825502907e-25,3.803542449906866e-12,2.0672288877676906e-15,4.096709043164928e-20,1.0471451643301492e-23,5.1207023535545586e-14,3.445335848283072e-14,2.0707534955637768e-29,5.832282535218858e-13,2.474910476038919e-12,5.520724843861448e-15,3.3379080733259167e-15,8.131199632197709e-39,1.8477708047103954e-13,2.1789587757670428e-16,2.139612087020448e-36,5.61133090404494e-15,7.968565083919943e-17,5.6599435266408956e-14,1.2596366841641144e-16,0.7246715305668848,-6.547745642595768e-37,3.627511842753693e-17,6.367252796540047e-13,1.6348866005782568e-22,2.0054189732548286e-12
0.007593311447271583,0.41794345548790696,300.0486808514133,8.685629970481878e-06,2.2121567284426322e-20,1.17756809815098e-12,0.22013709448126434,7.206115355148245e-14,3.863578623793568e-06,7.044828584179256e-09,9.32824427472438e-09,-8.329649132327705e-36,2.6054000390021914e-38,5.928648623268372e-22,2.0381511482986512e-23,1.009214100397715e-10,0.05518406019682176,8.295566400212706e-07,1.650967672267861e-07,1.694952141497172e-20,2.0668751510555718e-08,3.372360424178271e-22,3.1540102188444733e-13,3.816022382238871e-09,1.3312325959163474e-33,4.130461784559642e-10,2.3578514700186062e-24,3.710943392447994e-09,2.2511900015648102e-17,8.017488589723065e-09,5.055850645940575e-22,2.275264699226062e-10,1.2366084946689155e-13,6.317380214531311e-18,8.301686599530957e-21,1.2643369617199175e-12,1.2760127327873813e-12,7.159487147373459e-29,2.3067474702316607e-11,1.1494819649143658e-10,2.8489189629958365e-13,1.3158717188863988e-13,6.278835830670218e-34,9.704132958757202e-12,1.1546100133177799e-14,4.510569810377442e-38,2.883255338102125e-13,4.0944667552684985e-15,2.9082336748840866e-12,6.443209248326738e-15,0.7246652478107812,-4.366318020190608e-35,2.541131621731059e-15,4.472004480837186e-11,2.374106619918992e-19,1.210425706964428e-10
0.00885886335515018,0.4193761757057425,300.9031033671895,5.285342842158283e-05,3.508664190241397e-17,1.7005368226504317e-11,0.22008136484963053,2.345743565149652e-11,7.13682614492453e-05,1.4156806398972198e-07,1.8732728935444134e-07,2.983343736102547e-38,5.122656729596958e-32,2.426075486652024e-18,1.2135461312554906e-19,1.8465853793766996e-09,0.055149785618592614,1.662538881903382e-05,4.291301971790521e-06,9.534106644345795e-17,5.429889710798475e-07,2.6513472352499955e-18,1.193853980870727e-10,1.0207721904583607e-07,1.150710070691463e-29,1.0183954855963057e-08,1.9915303769312582e-20,9.486262713340405e-08,3.3340993509793987e-14,2.2193453955839245e-07,6.340441959792353e-19,6.897838921151439e-09,3.748981572562293e-12,2.9381864264813467e-16,3.0837429551979097e-18,1.6158299428175332e-11,2.4160228416136148e-11,1.1767023618408825e-25,4.68822443232831e-10,2.7122664202800043e-09,7.468821641536714e-12,2.6482411133067352e-12,5.64326473592017e-30,2.588005507838285e-10,3.106389003856774e-13,7.528553567049795e-32,7.527004548315872e-12,1.0688983910548682e-13,7.592210481420205e-11,1.675256466772655e-13,0.7246223924352911,-1.203662837305371e-33,9.298845951685598e-14,1.5885093439235593e-09,9.009463356522722e-17,3.7021333228689926e-09
0.00949163930908948,0.431061008527955,308.7112266305074,0.000185921668652402,1.3759078901118095e-14,1.5819476396191064e-10,0.21958103589534125,1.5694337279337821e-09,0.0006865997686893179,1.5411769317840343e-06,1.920515236666509e-06,-8.604048233373053e-31,6.1912373166675466e-27,1.4098967994300157e-15,7.457485751729169e-17,1.6777202207895138e-08,0.05487221136790668,0.00017331944433239457,5.73083367762147e-05,8.35672057333214e-14,7.287056920624225e-06,2.3736602021355604e-15,1.2921349327592546e-08,1.3998943590159137e-06,1.925755010088319e-26,1.2930404356218247e-07,2.03752176720067e-17,1.2464398661170316e-06,1.129582906428126e-11,3.1485370766315925e-06,5.310020978801203e-16,1.0676305842373456e-07,5.8025714517548634e-11,4.7851030536817e-15,8.625608727206429e-16,1.1047003106296138e-10,2.3801855306210323e-10,6.346547627711062e-23,5.227304058981962e-09,3.252897054350204e-08,1.0056930728895434e-10,2.76801254180819e-11,9.463461541325382e-27,3.5381471404363166e-09,4.28270058867937e-12,8.384993224129388e-27,1.009472883329725e-10,1.4335369859004896e-12,1.0182169259526545e-09,2.244787254039638e-12,0.7244266629484256,-1.431633144551986e-32,2.2146180298744297e-12,2.8691991479759316e-08,1.396560097436001e-14,5.779424590623824e-08
0.009808027286059128,0.4823734775485088,344.2041498363674,0.00040953755888577036,1.9232007516286865e-12,1.420124603684518e-09,0.21715582882060758,2.4751725406549448e-08,0.0034585033094319405,1.0070364043758255e-05,9.552232112402294e-06,8.048113754615084e-29,7.037274911093591e-23,1.3289032317176912e-13,7.855245151744706e-15,1.0685655432545204e-07,0.053682522219885516,0.0009498721945292144,0.0003918672534409729,8.869833122258952e-12,4.916012255775538e-05,2.451286836942324e-13,4.6082637695738595e-07,9.763040261567373e-06,3.005836737786114e-23,8.448372555600635e-07,4.048455858837079e-15,8.387996683721254e-06,7.81001541389446e-10,2.2756882177897488e-05,7.903787073733186e-14,8.338171127329679e-07,4.531609393285839e-10,3.5204112172894066e-14,9.558568865053659e-14,4.180213009518514e-10,1.2276408138848184e-09,3.127196390855549e-20,3.7093531268123555e-08,1.900031146338377e-07,6.929591844750495e-10,1.5163212706643557e-10,1.1714264418659027e-23,2.458445855905205e-08,2.9983857314347024e-11,8.221338726228477e-23,6.93160132169904e-10,9.843461138633628e-12,6.991623889724915e-09,1.560321737779873e-11,0.7238389269317577,-4.833159032013053e-32,4.6043990238564976e-11,2.598476662590757e-07,2.8115477980805593e-12,4.5551081216405267e-07
0.009966221274543953,0.5955948598158234,423.0827579652524,0.0006307849533400793,3.5509094019979205e-10,1.2111568467004124e-08,0.21128134799895276,2.147651735120903e-07,0.009459920129823956,3.883118113718134e-05,2.251188605394724e-05,1.1045872249034155e-23,8.595272275603212e-19,8.051936860796344e-12,5.589772644122431e-13,8.213835253815166e-07,0.05111247111475863,0.0028403079220496526,0.0013955358237177002,2.7675186739317453e-10,0.00016754445505168602,7.488721258591251e-12,4.974635489533482e-06,3.499212597530587e-05,9.767040452399689e-20,2.901214116771542e-06,3.846311709839727e-13,2.940676353119536e-05,1.6442530252936184e-08,8.487722078176643e-05,3.9002683049346725e-12,3.301234619825616e-06,1.7935339640334273e-09,1.6154426356049992e-13,3.2107086447440195e-12,9.398902636062859e-10,3.437368247244743e-09,4.2583638288289146e-17,1.7669510140743675e-07,5.167785592738339e-07,2.484183382650327e-09,4.5171482231861905e-10,2.2369774651607226e-20,8.78153711781208e-08,1.0768406967781866e-10,6.641325413548841e-19,2.4784885136712575e-09,3.5196667076024665e-11,2.4998996555074643e-08,5.751567641861012e-11,0.7228854034629306,1.3931050515606535e-31,7.512588662808475e-10,1.1769092128633615e-06,7.114716885935667e-10,1.8260737204878738e-06
0.010124415263028777,0.8913218206644301,628.1876558124998,0.000940662516924108,5.4952149473881436e-08,1.518230967142027e-07,0.19426605160781016,2.0644480996808758e-06,0.02453138316188183,0.00013845948717155156,4.169835516001536e-05,5.959286861347739e-19,1.5025708142534544e-14,9.07255206261505e-10,7.689330261404337e-11,9.578961936868658e-06,0.04434837969775444,0.008370161635469994,0.004879621990804529,1.1519915579330875e-08,0.0005308097476128992,4.206058245806061e-10,2.796692738154182e-05,0.00011948406316200263,1.7959931560409e-15,9.794160140864175e-06,9.151682309593282e-11,0.00010050951473394158,3.1879945151518973e-07,0.00031052815358957966,2.612367530120046e-10,1.2785360044219011e-05,6.923278428888736e-09,1.2209847457419469e-12,6.215267564514697e-11,2.083677665394432e-09,9.20329063929225e-09,9.587564655312019e-14,9.300883941878544e-07,9.755421364533765e-07,8.752206358807566e-09,1.3201875753874127e-09,1.4767674834687165e-16,3.0269313468489835e-07,3.6282965086449113e-10,3.301860487263124e-15,8.710334802249497e-09,1.2369267652565227e-10,8.78422341766382e-08,2.124029643697033e-10,0.7213445955130761,8.228137906373202e-31,1.4532339916699011e-08,5.278097625355691e-06,8.661647638141757e-08,7.21267735998479e-06
0.010158948811596956,1.0052068574790576,706.8110626170912,0.0010197311921200632,3.0433079055748504e-07,5.649498002589253e-07,0.18719818547324446,5.210828609129586e-06,0.030074436372455687,0.00016330965908482653,4.325323970056538e-05,1.1685898770333893e-16,5.521470486282695e-13,5.789716169177059e-09,5.021869561187143e-10,2.5189933683708567e-05,0.041714755930875154,0.01070567720903706,0.00655558851831736,4.530865934392269e-08,0.0006539974349802015,2.1641774632469235e-09,3.469286691516059e-05,0.00014659817917611663,2.91834864736373e-14,1.3044110956216351e-05,5.465948740104486e-10,0.00013265987303852817,9.118082148137185e-07,0.00041885333416519964,1.2205187541079866e-09,1.8143543219768937e-05,9.701013513010753e-09,4.549358739121635e-12,1.6433246331082723e-10,2.5422134816393217e-09,1.13444761538478e-08,9.5277334201134e-13,1.4452211019771145e-06,8.474793380925896e-07,1.179338871505777e-08,1.6861766608910337e-09,1.7820886975212523e-15,4.035999025598274e-07,4.0460385994948657e-10,8.56787000734058e-14,1.1760023093515038e-08,1.6693471511299008e-10,1.1822397488738777e-07,3.1341260665293256e-10,0.7210537166182621,1.0453879801240036e-30,4.080006738802891e-08,7.64468185560363e-06,3.752676682055972e-07,1.019390483339386e-05
0.010193482360165134,1.1426152768943003,801.4314949822844,0.0011010413782323479,9.174401023732711e-07,1.5652751881914376e-06,0.1782587600763042,1.0071727181036973e-05,0.03664896884083209,0.00017751253555018854,4.303679407839168e-05,4.0068525886510655e-15,6.327592377665394e-12,2.101186101261721e-08,1.8425122337962587e-09,5.5383754931654416e-05,0.03847825440493553,0.013688662141110157,0.008843096087331246,1.452967552726818e-07,0.000792840547396286,8.41923952334785e-09,3.397549884697016e-05,0.00017321632054848133,3.415440914180395e-13,1.7452627608288976e-05,2.439359414966512e-09,0.0001748822133817451,2.075778020851091e-06,0.0005617941355940943,4.804406326522915e-09,2.6377445865742806e-05,1.388957992863491e-08,1.2044844215953822e-11,3.4615500903130416e-10,3.127797216664692e-09,1.3900342795057378e-08,4.916334318746214e-12,2.131348623998617e-06,6.358426616337473e-07,1.5966412765666725e-08,2.1007313078991307e-09,1.527752679258762e-14,5.392432952137662e-07,3.7018412982408707e-10,6.768648545848279e-13,1.6008946566854354e-08,2.2729475892608044e-10,1.5973984171145172e-07,4.89438634831021e-10,0.7208796879095283,1.2890738558432628e-30,8.247743690365736e-08,1.1127172567580972e-05,9.088219682541947e-07,1.459215568666902e-05
0.010228015908733313,1.303104708779754,911.6179025996265,0.0011835717928075527,2.2596276020737896e-06,4.16213845494295e-06,0.1672859185359422,1.8081465217658865e-05,0.0442259040516129,0.000179940531230157,4.0753467270966916e-05,8.144305473628953e-14,5.0903173901786626e-11,6.482426426002023e-08,5.636166702574352e-09,0.0001153207525655914,0.03460338428073465,0.017386009417313653,0.011867337117851522,4.5183902421467034e-07,0.0009281891011458246,2.993633209903131e-08,2.6221294460945087e-05,0.00019212902949202943,3.3021511593111843e-12,2.3300990139923082e-05,1.0336683692479124e-08,0.00022783412999986355,4.481927477443034e-06,0.0007304675546843175,1.9657788884184876e-08,3.903889431387623e-05,2.0432667949725926e-08,2.924758156568833e-11,6.643367699143009e-10,3.907100018429479e-09,1.683719047151961e-08,1.9413535898223413e-11,2.9611872426555504e-06,4.1426437490725126e-07,2.1518873793881727e-08,2.520426770895126e-09,1.1018532133019293e-13,7.159666511300459e-07,2.573490675316041e-10,3.763195907886479e-12,2.1878217680041817e-08,3.123021502022496e-10,2.1450290613665003e-07,8.318289100488289e-10,0.7208723180092169,1.5348249654315245e-30,1.1460234355741631e-07,1.5757674456448114e-05,1.5925161691459282e-06,2.0933678937931996e-05
0.010262549457301491,1.4847948935226305,1035.9514270853833,0.0012658076272626692,4.917651182765285e-06,1.0485305633726832e-05,0.1541792890030606,3.4108804423451244e-05,0.052731961773022834,0.00017975144870004348,3.6051818920950885e-05,1.4298334494462793e-12,3.871070645701488e-10,2.1095523849885292e-07,1.8040096947774697e-08,0.0002318088095467532,0.030078328751237393,0.0218314509998515,0.015752019361302813,1.3788229013974827e-06,0.00103330125362696,1.0129209480449298e-07,1.8819741317359844e-05,0.000197587896938882,2.8729565549678208e-11,3.0963010687091106e-05,4.757309186019531e-08,0.0002909209085181418,9.56030391035663e-06,0.0008923602997769491,8.398447084489058e-08,5.805901139467123e-05,3.13326204097994e-08,7.032086775556949e-11,1.2061004232159961e-09,4.9964966807383385e-09,2.005628473137236e-08,6.304139672723524e-11,3.915584004134339e-06,2.430710842929015e-07,2.870629638567344e-08,2.9634939336880038e-09,7.545565475338343e-13,9.400105489370848e-07,1.64915614737693e-10,2.0035363770306324e-11,3.0025088144454766e-08,4.388851381581321e-10,2.8429978289723646e-07,1.5512354941046754e-09,0.7210722385553101,1.769637134375593e-30,1.3291552908582658e-07,2.089596083724698e-05,2.0398249689211046e-06,2.9793316856212503e-05
0.01029708300586967,1.683600722144777,1171.5069893880086,0.0013447804764123912,1.004943639571973e-05,2.4609663427847005e-05,0.1389617340501791,7.079005667648278e-05,0.06202866310949763,0.00018451881475603296,2.852789728144221e-05,2.5229225541057457e-11,3.064041909532827e-09,7.483648238734298e-07,6.357447450903429e-08,0.00043664339931096853,0.024947105247847486,0.02699197174375542,0.020609466153003516,3.943396139855519e-06,0.001088337316860876,3.2697691693667414e-07,1.4722671521271251e-05,0.00018667540236033122,2.2902280761647093e-10,4.103924071523668e-05,2.343192296000442e-07,0.00036078218915580373,1.8706868648187543e-05,0.0009783174965340249,3.4195683796965864e-07,8.450529983618636e-05,5.099309402795457e-08,1.8602003501180275e-10,2.119681026886838e-09,6.570783818176617e-09,2.3352381867809205e-08,1.7915540849416446e-10,5.003501722497411e-06,1.359199085006231e-07,3.778184671858755e-08,3.534670271367337e-09,5.126698519643746e-12,1.2177809769081333e-06,1.5069795702837848e-10,1.106336829516407e-10,4.138780103627429e-08,6.470454440519262e-10,3.700473431337777e-07,3.0959847987615214e-09,0.7215075773653359,1.9870095298350687e-30,1.827487148838454e-07,2.4338879309273773e-05,2.1109715732643834e-06,4.128422929258288e-05
0.010331616554437848,1.8919357537854324,1313.009556352382,0.0014142902577258874,1.9795977398766546e-05,5.424795020784864e-05,0.12191113498709914,0.00015420062033099526,0.07184937126551194,0.00019036030730595422,1.8399859591708463e-05,4.101227389174439e-10,2.2784169660463394e-08,2.5413382834264385e-06,2.19355734019084e-07,0.0007303456628191508,0.019380428602056507,0.03269711854691192,0.026514826307798348,9.898495739166e-06,0.001081410074727258,9.628637679528935e-07,1.2382889866571773e-05,0.00015916320428273028,1.5694539663400936e-09,5.459251736584743e-05,1.0440695744699045e-06,0.00042638369165090827,2.9745107482501243e-05,0.000900102509102395,1.1927493529592406e-06,0.0001163016573917588,8.880707983025427e-08,6.011913145935526e-10,3.6594872129445627e-09,8.82597122160137e-09,2.6358474253864727e-08,4.595667468476414e-10,6.2541898137545145e-06,7.637670295609265e-08,4.896527817534973e-08,4.365344385371965e-09,3.22764945643627e-11,1.5559764266021056e-06,2.4031971434890874e-10,5.502924735828211e-10,5.684629342002754e-08,1.0234987723705761e-09,4.699839147305952e-07,6.331886993293339e-09,0.7221826710727468,2.1925684777244892e-30,2.6322162942486853e-07,2.2294486129589668e-05,2.240091110997684e-06,5.344190171253932e-05
0.010366150103006027,2.097731502750494,1452.3086243699693,0.0014626498336367116,3.7180197093937796e-05,0.00011365111681110624,0.10373985650003789,0.0003304535709548571,0.08170997806663204,0.00018501505732328448,8.546999540394266e-06,5.139343477695761e-09,1.3533985542272468e-07,7.110108962864094e-06,6.401847817448273e-07,0.0010188214497110768,0.013761364800698239,0.03852161379549611,0.03345528335439516,2.0625406901669046e-05,0.0010037098174640825,2.383937087377899e-06,9.894859486437215e-06,0.0001192909630064713,8.597337403222586e-09,7.270167170554528e-05,3.458588638904157e-06,0.0004565697442332793,3.468303640600211e-05,0.0006391981533786247,3.2725029124289146e-06,0.00014493366651729047,1.614591520962726e-07,2.3322174350892175e-09,6.197841811593376e-09,1.1824249020731148e-08,2.849900866750793e-08,1.0589101892033995e-09,7.706181142747646e-06,4.39290143667278e-08,6.236556832667754e-08,5.55348615802367e-09,1.7080418970309476e-10,1.9597177573803203e-06,5.651644550906985e-10,2.0665955400776932e-09,7.58536346542237e-08,1.7230117718810276e-09,5.751988852843213e-07,1.2701239927384073e-08,0.7230492204788963,2.390385034409719e-30,3.1000935096963936e-07,1.3939231763949444e-05,2.4859307724072666e-06,6.035049114824656e-05
0.010400683651574205,2.285074840857425,1578.978176267398,0.0014729424760643877,6.459025754787782e-05,0.00022666066846478242,0.08569512142343934,0.0006650153550781622,0.09088206573199326,0.00015882538763866983,3.196423217118585e-06,4.161716039722691e-08,5.527254382021041e-07,1.4624384592289958e-05,1.3995987563002861e-06,0.0011165585402815128,0.008690545776928562,0.04368354405620001,0.04127295217546963,3.432711852432055e-05,0.0008541802864490374,4.52903049899234e-06,6.59925743474888e-06,7.678363267527843e-05,3.450515781478284e-08,9.16390834481493e-05,7.374759037234416e-06,0.00040514238169642077,2.739543339473732e-05,0.0003240689166608719,6.646365598919479e-06,0.0001536014786793166,2.829830690685733e-07,8.854869941070654e-09,1.0059537835096946e-08,1.517076007882926e-08,2.903932656551755e-08,2.1401605892388873e-09,9.40187664225681e-06,2.544379378100255e-08,7.786078045524583e-08,7.132373734793157e-09,7.005982087273882e-10,2.4175546296236657e-06,1.3457878076959117e-09,5.28152041666018e-09,9.399195521346122e-08,2.935705121889355e-09,6.637934594308151e-07,2.3914113415117015e-08,0.7239830594272026,2.5893345342190945e-30,2.431989919598463e-07,5.362140199902205e-06,2.453415846824439e-06,5.4852891137216064e-05
0.010435217200142384,2.4380965441205915,1682.841633623591,0.0014311067762109357,0.00010103735894186622,0.0004238632962374276,0.06933039769198392,0.0012134450028337413,0.09856822726175406,0.00011508699824450452,1.5150811360560612e-06,1.8999786527610028e-07,1.3875390739897565e-06,2.0548389409968386e-05,2.1057377074063083e-06,0.0009251241358564601,0.004776301405761876,0.047163594994995915,0.049659086325616636,4.3959138811651325e-05,0.0006476735879112843,6.1585491634937416e-06,3.408829906453522e-06,4.2178451246220845e-05,8.891133775111458e-08,9.577340764085185e-05,9.499431810154268e-06,0.00027309547962396104,1.396521606585287e-05,0.00011298836295514834,9.600692592888945e-06,0.00013059258954793896,4.144602337137056e-07,2.5567089842337495e-08,1.498638334015337e-08,1.7775507506957317e-08,2.7388549831991214e-08,3.7200458472026296e-09,1.136335500933903e-05,1.466106491076792e-08,9.504967881079772e-08,8.962412549327761e-09,2.0880774075796963e-09,2.845713499350858e-06,2.2517947615755332e-09,8.847854856414536e-09,1.0253287622026447e-07,4.697057307198218e-09,7.034164144455435e-07,4.01261361769013e-08,0.7248214442022619,2.7998666607694374e-30,1.1172316492137085e-07,1.2629648495512997e-06,1.895288598544135e-06,3.7589579162770506e-05
0.010469750748710562,2.5479221026866496,1758.2920880342122,0.0013402020656155995,0.0001410898377739122,0.0007198397655334126,0.05589369857522365,0.0019552432125492093,0.10425874780924332,7.001702003593927e-05,9.254398159437065e-07,4.5854861706550413e-07,2.0454663210730797e-06,1.9278797451485784e-05,2.1144759965699647e-06,0.0005796984326040667,0.0022732745989428003,0.04821855243832733,0.05821053370721286,4.167047199844664e-05,0.00042085038438656697,5.8347671531782075e-06,1.4017166270628009e-06,2.0016546816876202e-05,1.3314459359453515e-07,7.392299070219543e-05,7.482293846858621e-06,0.00013534233962081738,4.627046136837686e-06,2.7724147355708965e-05,9.620942372481835e-06,8.69575504967139e-05,4.379930655239784e-07,4.791030349927722e-08,1.9492640709398242e-08,1.836962561227066e-08,2.3629578937872008e-08,5.560456676013608e-09,1.3522502732112504e-05,8.73387127049003e-09,1.1330307246964113e-07,1.0532040722694513e-08,4.308903516110672e-09,3.043310700499489e-06,2.148379528879909e-09,9.70887666591962e-09,9.452979569908722e-08,6.526518229487245e-09,6.719423477423931e-07,5.675501940707288e-08,0.725440294409592,3.0143299183446653e-30,2.984283017407743e-08,1.9694569268901407e-07,1.0900836134193123e-06,1.8986926954321793e-05
0.01050428429727874,2.617734282298028,1807.5184311267335,0.0012252083874863661,0.00017781015830175046,0.0010759182928950781,0.045805482875828724,0.0027591880778488837,0.1079695344862123,3.833474362675944e-05,6.413441309326273e-07,6.074311109075668e-07,1.8486818628099154e-06,1.2585920071751528e-05,1.4680579307720583e-06,0.00028670667893800257,0.000952263498507088,0.04695762820543119,0.06648916754685419,2.901435970656222e-05,0.00022794085606676738,3.952989859113231e-06,5.175067237030373e-07,8.384590008793327e-06,1.1833566857096133e-07,4.167074530864346e-05,3.895024867727954e-06,5.1118043083622466e-05,1.0636353981792374e-06,5.127317014506215e-06,6.7554497179202475e-06,4.608571818633192e-05,3.191190561370678e-07,5.770683073295273e-08,2.1497202303895154e-08,1.6671929098853158e-08,1.8715670991101047e-08,7.301855855574906e-09,1.568186140979022e-05,5.985044104985142e-09,1.315588133081744e-07,1.1123092010479387e-08,6.176866937548491e-09,2.8601995677159524e-06,1.1638707866188513e-09,7.264213028652709e-09,7.28995770887549e-08,7.509591732507321e-09,5.78983871877896e-07,6.559639679579385e-08,0.7257923056543021,3.280365979250061e-30,5.07442398007532e-09,2.2649901781502094e-08,4.7255712015360135e-07,7.283770729442704e-06
0.01053881784584692,2.659575165585181,1838.4454891704881,0.0011171859795609856,0.0002067193111317873,0.0014090568021316826,0.038696743082437805,0.0034651621583942143,0.11012558464550827,2.1685961907594213e-05,5.19529766790788e-07,4.991081995594338e-07,1.1443395164723727e-06,6.251486071064174e-06,7.665204654424946e-07,0.0001196231319132261,0.000361363690925471,0.04425598422751098,0.07410152980197904,1.5491628121622594e-05,0.00010384160820236314,2.0517482516800866e-06,1.8768772419783104e-07,3.178222895809707e-06,7.000031529958601e-08,1.8311458942940846e-05,1.4976596215318302e-06,1.583256756163836e-05,1.868215020814759e-07,7.748698443012514e-07,3.5271817261867994e-06,2.0307054835884278e-05,1.696630432492561e-07,4.99448148076908e-08,2.037582669271804e-08,1.3619362222704001e-08,1.3868951872656297e-08,8.702684795358672e-09,1.7627118386034885e-05,5.039596271912134e-09,1.4819439317712614e-07,1.0520140477410023e-08,6.62916217664525e-09,2.3877757100610376e-06,4.20674168513762e-10,4.011076187557294e-09,4.8042561208035756e-08,7.2316767444072145e-09,4.5825704087936153e-07,6.303095124215422e-08,0.7259014480858331,3.553740102653331e-30,6.227660183992119e-10,2.122129002005879e-09,1.6267426165025627e-07,2.2657619757631985e-06
0.010573351394415098,2.6858743657067894,1859.1683342980884,0.0010339561618485328,0.00022681168206658935,0.0016580708068691596,0.033835280425321655,0.003994352344231248,0.1112569090975065,1.4276337614155994e-05,4.7357169301577866e-07,2.911597397345635e-07,5.447679804412413e-07,2.581014165679595e-06,3.28122201391682e-07,4.452688544103515e-05,0.0001270833334821015,0.0410756759446346,0.08079747161883112,6.776823781512871e-06,4.1087776455068604e-05,8.790099626965359e-07,6.661544325911341e-08,1.112451274343838e-06,3.1172661488023557e-08,6.73626639973993e-06,4.684433298268589e-07,4.290514840319704e-06,2.7424513325810283e-08,1.0208361355487748e-07,1.4767282636346476e-06,7.777036568460496e-06,7.149562224555468e-08,3.578945721175018e-08,1.7313524768976955e-08,1.0361744136735096e-08,9.8478995378125e-09,9.707576644440491e-09,1.9260672025791042e-05,4.881144516090271e-09,1.6176782434491697e-07,9.188855665249405e-09,5.885220208214132e-09,1.8307720314370548e-06,1.2814726480992683e-10,1.7756534578013947e-09,2.798351583693242e-08,6.109832866834322e-09,3.4141355697788653e-07,5.2872275745347095e-08,0.7258380188710912,3.895753221596036e-30,6.158018417604793e-11,1.7447215062482549e-10,4.724207272651282e-08,6.100641231443797e-07
0.010607884942983276,2.70471181874593,1874.8658279641272,0.0009772653385838386,0.00023925463763935497,0.0018146508700266622,0.030498492025555903,0.004356368853579298,0.11179869509400438,1.1031573259434083e-05,4.524288730145548e-07,1.2655811222383642e-07,2.037257236443322e-07,8.811880042928882e-07,1.145191101439885e-07,1.4269895628593792e-05,3.90249343591813e-05,0.038024823756956795,0.08649539293888214,2.434628788773769e-06,1.3689605469609503e-05,3.07903380159591e-07,2.103370601450905e-08,3.4019213240355517e-07,1.0621419748510197e-08,2.0221423628851514e-06,1.1383255118070671e-07,9.445713915409791e-07,2.977100611412526e-09,1.0005918813991827e-08,4.933504582254204e-07,2.508212668613358e-06,2.3858546315977825e-08,2.3672373686194018e-08,1.3806282117058453e-08,7.554499055550662e-09,6.827578613798703e-09,1.0369895022313193e-08,2.059883352906679e-05,4.969526970045453e-09,1.7176570293027194e-07,7.720226775532663e-09,4.678272959288272e-09,1.3308202908794355e-06,4.107766852623132e-11,6.310473090960456e-10,1.4667978712288831e-08,4.760583493298667e-09,2.4466327105171605e-07,4.0720877581746584e-08,0.7256833987885754,4.254664978512185e-30,4.226007618303182e-12,1.050378046129234e-11,1.0885575084904425e-08,1.3253389523093464e-07
0.010676952040119632,2.7326965559423826,1899.1545869451963,0.0009241973481041876,0.00024703023566857073,0.0019145515781695559,0.02669050503466836,0.004713338637843063,0.11202511183370395,8.831479415928228e-06,4.228264759880801e-07,2.1665440568913997e-08,3.036362328279352e-08,1.218225712914199e-07,1.6097051391198214e-08,1.8591476849607076e-06,4.796696435922059e-06,0.03311804947141431,0.09501762801477427,3.9220889001905616e-07,1.811903162655851e-06,4.333822247877233e-08,2.7086726373735664e-09,4.1542252798876375e-08,1.3851261635855937e-09,2.3020402410521088e-07,9.960897323466433e-09,7.555775525846987e-08,1.0122400219414509e-10,2.963641759119522e-10,6.339898618409124e-08,3.237970772433109e-07,3.063682655972404e-09,1.1779312809255714e-08,8.300262690498358e-09,3.881521862548713e-09,3.324789375996584e-09,1.0920093523193729e-08,2.2580984006720362e-05,5.2281741263275275e-09,1.8207869669147562e-07,5.469371927380902e-09,2.580740163990095e-09,6.637955449549899e-07,1.0866726923460199e-11,8.6921144794312e-11,3.905779723728359e-09,2.606026659281915e-09,1.2227369586821735e-07,2.165819581186729e-08,0.7253068477938994,5.0767886232538864e-30,9.419644562055735e-14,2.0590218609483313e-13,8.943434012774387e-10,1.0708051235410944e-08
0.010815086234392344,2.776106077583788,1936.011956864135,0.0008939128293445385,0.00023289719111213242,0.0018119389569809998,0.02333123109530204,0.004857873178706427,0.11213417576257698,7.2143622310828074e-06,3.6596418795923884e-07,1.4848766319486816e-09,1.9756785004320144e-09,7.896970998208238e-09,1.0123343186083416e-09,1.1301154127819468e-07,2.662583038873572e-07,0.027659017985567323,0.10420496257860928,6.968408248688663e-08,1.0842210757249604e-07,2.7148029993322803e-09,1.5839132341756695e-10,2.3158042670560415e-09,7.933218160008997e-11,1.1837182836155023e-08,3.7291164787870754e-10,2.7025304921879197e-09,1.5930256701898586e-12,3.603335412264543e-12,3.7144465105065076e-09,1.911284620110605e-08,1.8444653386973068e-10,5.6081160598744705e-09,3.950052827685209e-09,1.31247065485824e-09,1.1029615190730883e-09,1.0604559643998752e-08,2.520673795065241e-05,5.605632390671349e-09,1.854921256104031e-07,3.753304699457889e-09,8.447457224677508e-10,1.9866730297552337e-07,2.390805201262747e-12,5.084258409166081e-12,5.319202758056823e-10,9.043691686197979e-10,3.893251713408842e-08,6.9810479499606835e-09,0.7248401256839341,6.886289352628385e-30,9.111549171419015e-16,1.7711257112790378e-15,3.0712386541121004e-11,4.0036505889275563e-10
0.010953220428665058,2.8112786321444103,1964.9101383390966,0.0008673986758140388,0.00021159296973191323,0.0016567013840290189,0.021456566472887795,0.0048321268545436094,0.11255609655587862,6.248212477972428e-06,3.222926064909896e-07,7.662759596611228e-11,1.0391927355587922e-10,4.3178815713012803e-10,5.2718036400130705e-11,5.8682653479449295e-09,1.2723428096002052e-08,0.024774943177697493,0.10899779845273863,4.084710028717527e-08,5.690662631249161e-09,1.4107139259880123e-10,7.951924014103444e-12,1.1412093989727234e-10,3.751254757108022e-12,5.324490064318018e-10,1.168374402046374e-11,8.474139258488421e-11,2.58205961188903e-14,3.745932950463596e-14,1.8954080944300707e-10,1.0006549172401256e-09,9.66615957993935e-12,3.937027745397744e-09,2.4279844491683922e-09,4.765903168783677e-10,4.059249179568977e-10,9.85331731737781e-09,2.7260244803995082e-05,5.971147851416484e-09,1.8567845802057604e-07,3.163242209389202e-09,2.541594416409441e-10,5.7237947216566193e-08,5.571097984553976e-13,2.473319472934094e-13,6.792742911707582e-11,2.9891562574973003e-10,1.241106132123971e-08,2.141293009772715e-09,0.7246125924762212,8.450119254528966e-30,7.534054337941599e-18,1.3538639255704621e-17,9.328395120442762e-13,1.360132749649073e-11
0.011229488817210486,2.863346207270502,2006.5975826315494,0.0008032904492549723,0.00017207079513793498,0.0013805871056500802,0.019296551434841023,0.004651390884482448,0.11381042230416569,5.041651630763367e-06,2.6531038336219e-07,1.7524869625165226e-12,2.6501748222096493e-12,1.2254327503772058e-11,1.3680643270268813e-12,1.5509978978798033e-10,3.0356334199924087e-10,0.022235379248852476,0.11313346308763665,2.8085970586171067e-08,2.4232739578777146e-10,3.6280459164932885e-12,1.9975566045790932e-13,2.876772332185725e-12,9.087619653401778e-14,1.251911897032082e-11,1.7521762602392596e-13,1.3476727959396935e-12,2.4669564863154676e-16,1.9169984371624071e-16,5.215577302269989e-12,2.7454159741369425e-11,2.8581243040835227e-13,3.416950383844297e-09,1.6259639928920172e-09,1.6323879493967951e-10,1.4503706200451415e-10,8.267035102200441e-09,3.0636579896721404e-05,6.765500091379306e-09,1.8736887007177706e-07,2.893321820429347e-09,4.472237881417249e-11,9.790373594336362e-09,6.706034798171493e-14,5.6703819581665114e-15,5.116157107653323e-12,6.441463804977183e-11,2.5858239324729503e-09,4.048349247003613e-10,0.7244806487477401,7.350156445229469e-30,3.079368943278954e-20,5.22334318053973e-20,1.3400220783276175e-14,2.4631241715855254e-13
0.011505757205755912,2.902252908717864,2037.6308732053226,0.0007425484114597067,0.00014219561959524505,0.0011693002351365449,0.017782459670796405,0.004446115983513666,0.11496876511947034,4.228748850092685e-06,2.2830712829113255e-07,4.2950848961251867e-14,7.284418384457859e-14,3.7325616510004654e-13,3.867309151061886e-14,4.4770333122449835e-12,8.034091548289139e-12,0.020736249826842183,0.11554532146659667,2.106954267648377e-08,8.668150554767935e-11,1.0440631385117492e-13,5.56717206950855e-15,8.116381482107292e-14,2.423206604625169e-15,3.333089558699849e-13,2.8635939330246976e-15,2.38010726740965e-14,3.059323910903871e-18,1.0923338134982556e-18,1.6108471695728833e-13,8.404207527852196e-13,9.372565308127796e-15,3.3943985851645403e-09,1.2960562970426558e-09,1.0062839351763235e-10,9.451744196870593e-11,6.986473688460443e-09,3.3626661544909476e-05,7.590872344840277e-09,1.8981565158374664e-07,2.7834844532908266e-09,8.436822295603267e-12,1.8421327017591104e-09,9.40092435965251e-15,1.439173425729595e-16,4.610972794718026e-13,1.4743880724863052e-11,6.091183635555024e-10,8.470974158562817e-11,0.7244287241565073,-1.4411383504542967e-29,1.3422986680592162e-22,2.2059091805808557e-22,2.2590649619480453e-16,5.1002713710037735e-15
0.011782025594301339,2.9323342173044726,2061.7329721603655,0.0006898797914892941,0.0001199755250813749,0.0010080240365125997,0.016601750912271018,0.00424816843222024,0.11593264481733884,3.6409806573586634e-06,2.023021212829663e-07,1.0374470258264155e-15,1.902374362716171e-15,1.0624919481540998e-14,1.0372047490275032e-15,1.2199144070330073e-13,2.0331620165987074e-13,0.019604221257150826,0.11735498427008234,1.6472659336531982e-08,7.231461749631398e-11,5.258567328885609e-15,1.8354922711640271e-16,2.259422594251513e-15,6.35308061761217e-17,8.83907785300928e-15,4.55058351958301e-17,4.0879638317676453e-16,4.1346862467001766e-20,6.475522534573482e-21,4.860760155274707e-15,2.53456705363468e-14,2.9784934872849897e-16,3.4531741455976745e-09,1.098931672319292e-09,8.644158136136586e-11,8.704176219697974e-11,5.995536825888097e-09,3.636388805896359e-05,8.42113445412554e-09,1.921298085519665e-07,2.7061744158799244e-09,1.6131035395623752e-12,3.5468585663739884e-10,1.4124154932701795e-15,3.533031124678949e-18,4.446037658722097e-14,3.367734491104861e-12,1.6160682584147524e-10,1.9835058322350226e-11,0.7243999127222323,-1.0786036473101354e-28,5.627278784335645e-25,9.126581714107277e-25,3.991401759866449e-18,1.0632269445416978e-16
0.012334562371392193,2.9734312924517616,2095.1073494689335,0.0006093759992636773,9.120113883784736e-05,0.0007923226907853309,0.014909653732653464,0.003914663930916478,0.11729788436433967,2.886496593237879e-06,1.6941906944058943e-07,2.8294372157711356e-17,4.297904767078438e-17,1.9761488344097528e-16,1.7615921393503648e-17,1.915869621458243e-15,2.564043008858135e-15,0.0178850177593836,0.12009048235576185,1.1117512986311725e-08,5.835939153607602e-11,1.545259103894759e-15,2.4584399900105166e-17,7.671829357309836e-17,8.591763231765424e-19,1.2400578346041216e-16,3.415720969762106e-19,3.493030537226892e-18,2.6749421709221307e-22,2.1751364489238745e-23,7.720488521248222e-17,3.8802648578844947e-16,5.312877678133214e-18,3.5625753076862537e-09,8.683385315559778e-10,8.269707529895974e-11,9.500456119309696e-11,4.663479975552049e-09,4.123811224849291e-05,1.0028203374844452e-08,1.9556260994015866e-07,2.594530500596031e-09,1.8468322648749985e-13,4.0849085375188745e-11,1.1137927153153556e-16,7.411714528443316e-20,2.572210870337559e-15,5.277526859816133e-13,5.112172016439423e-11,5.2892680671462515e-12,0.7243648752688221,-9.424924512265865e-28,1.1513205790100496e-27,1.8777335846235916e-27,3.328917266753428e-20,1.1606919956005418e-18
0.013694396098483516,3.026101424815085,2138.656484362871,0.0004962959956227222,5.898810255973987e-05,0.0005381614086417846,0.012571122011134557,0.003387299876240994,0.11905066828601465,2.0279575737128693e-06,1.3143076839325848e-07,1.2191135227487187e-17,1.1230652524193055e-17,2.5501335513417238e-17,1.8840561289807977e-18,1.4207406127039286e-16,5.038289739716608e-17,0.015245331207945982,0.12426993987959861,5.919830852213524e-09,4.113923399329426e-11,6.328117003295986e-16,9.689497874090396e-18,2.520914459761547e-17,6.178307708090622e-21,9.741168384421266e-19,1.1661965290866657e-21,1.4872357468284898e-20,7.456282542616919e-25,4.129162414071116e-26,8.90919851368918e-19,3.4275500892694247e-18,5.85468410268401e-20,3.6700363589937036e-09,6.283002019172614e-10,8.324181251188745e-11,1.1841176342148572e-10,3.105324862585098e-09,5.123882678949673e-05,1.3582458267654744e-08,1.9865692574999013e-07,2.451434996536506e-09,2.516359659963897e-14,4.930355953622011e-12,7.61792455847971e-18,1.7483419301938105e-20,9.990973684313097e-17,1.411273664137254e-13,4.485822901597194e-11,3.816043931034627e-12,0.72432856670622,-1.6440396147496538e-26,1.0672248104169263e-30,1.8058465120908294e-30,1.325886977441599e-22,6.6302111249969544e-21
0.015054229825574838,3.057502395439236,2165.003426702053,0.0004247046246823015,4.278364620916128e-05,0.00040361436606302587,0.011080757005290423,0.003018596497982726,0.12009151347988987,1.5861191635763355e-06,1.1082685866581732e-07,1.1345174057524367e-17,7.015484087160275e-18,1.4912798368942934e-17,1.0062788043958047e-18,7.64631420920685e-17,2.306769677893352e-17,0.013430864290266558,0.12713671518343755,3.709269787648191e-09,3.1484625541340234e-11,3.332984168377595e-16,5.156967521691085e-18,1.553729243392243e-17,6.245883624766535e-23,1.0663230888620059e-20,4.6807973771956535e-24,6.982225554681046e-23,2.467926117672815e-27,1.0683885642999764e-28,1.8239081946712752e-19,3.600019762859838e-19,8.373657529264438e-22,3.6533217509653525e-09,5.114314925144878e-10,8.506232951578407e-11,1.4141339585173447e-10,2.2911870988421615e-09,5.9876863254273946e-05,1.6902752391237133e-08,1.9804936939558531e-07,2.335797801233487e-09,1.5936096461913024e-14,2.9428829752720885e-12,3.051994374263798e-18,1.0175158930552121e-20,1.2941794328089236e-17,1.3973894767888772e-13,5.4038120027719516e-11,3.999878770026535e-12,0.7243086493246709,-1.567695834710896e-25,1.0275148815619613e-33,1.829431495501775e-33,5.865858443018212e-24,4.3442496765400155e-23
0.02252711491278742,3.105309158560267,2205.451506864457,0.0003142975024168986,2.3325947436696508e-05,0.000233300645096893,0.008669977964380257,0.0023956505150799713,0.12165295443784765,1.032865331469194e-06,8.276149694989304e-08,1.0384423613472826e-17,2.836794461528644e-18,6.29435457614439e-18,3.902564005301387e-19,3.304748161445522e-17,1.2860094369369438e-17,0.010359309290487005,0.13198624375427073,1.5248996346051018e-09,1.86027120459124e-11,9.944428928701674e-17,1.5688938770298324e-18,6.274819036969758e-18,4.05630807662022e-24,8.132963861054678e-22,1.4662692413562683e-26,8.896997684389649e-26,1.642269239387893e-30,5.981414032441933e-32,9.300541647698798e-20,1.3285480808122245e-19,8.495521838274891e-23,3.4678475090952977e-09,3.7819361562746286e-10,9.475496493548521e-11,2.110061806168529e-10,1.2816243105873447e-09,9.370874133403319e-05,2.902846356818428e-08,1.8739059061222131e-07,2.4477961689600262e-09,1.460342070783923e-14,3.246927219872123e-12,1.6382478415036226e-18,3.683976229315062e-21,1.742524079599545e-17,2.396952243500841e-13,8.490346472722035e-11,4.7473710723708816e-12,0.7242698896378791,-1.8952058202197456e-23,2.0054992513154713e-37,3.910464395592697e-37,9.812809843817062e-25,9.428426345143687e-26
0.03,3.1053091585604244,2205.4515068644646,0.0003142975024168996,2.3325947436696484e-05,0.00023330064509689184,0.008669977964380347,0.0023956505150800186,0.12165295443784978,1.0328653314691525e-06,8.276149694989158e-08,1.0376639248737382e-17,2.836569918002534e-18,6.294354575933135e-18,3.9025640097152537e-19,3.3047481614873473e-17,1.2860094368522416e-17,0.010359309290486925,0.13198624375427565,1.5248996346046436e-09,1.8602712045913433e-11,9.944429377544362e-17,1.5688933811933288e-18,6.274821356894618e-18,4.057178592115741e-24,8.132963860590209e-22,1.466326140267418e-26,8.896994218028473e-26,8.387904202201503e-30,6.707523295976669e-30,9.300541647456112e-20,1.328551221155852e-19,8.49549627412738e-23,3.467847509095212e-09,3.7819361562868026e-10,9.475496493548477e-11,2.1100618061685357e-10,1.2816243105763407e-09,9.370874133403408e-05,2.9028463568183844e-08,1.8739059061222372e-07,2.4477961689599675e-09,1.4603420795029755e-14,3.2469272198838893e-12,1.6382478422222938e-18,3.683976225573375e-21,1.742524090383133e-17,2.39695224349971e-13,8.490346472717344e-11,4.7473710722857345e-12,0.7242698896379065,2.92974430990751e-20,2.0054835985940117e-37,3.910464387322431e-37,9.812115099585219e-25,9.428556100054899e-26
